{"cameraMode":{"drawMode":0,"name":"Shaded","section":"Shading Mode"},"sceneLighting":true,"audioPlay":false,"sceneViewState":{"showFog":true,"showMaterialUpdate":false,"showSkybox":true,"showFlares":true,"showImageEffects":true,"showParticleSystems":true,"showVisualEffectGraphs":true,"m_FxEnabled":true},"in2DMode":false,"pivot":{"x":-18.260038375854493,"y":13.809490203857422,"z":36.332950592041019},"rotation":{"x":0.39484238624572756,"y":-0.0027562384493649008,"z":0.001184531138278544,"w":0.9187441468238831},"size":104.65375518798828,"orthographic":false}